feature,importance
numeric__elevation,0.19488995387861943
numeric__NDVI,0.12882566681574398
numeric__slope,0.09053761169484276
numeric__curvature,0.06973979419661958
numeric__organic_carbon_surface,0.06879846709556559
numeric__clay_surface,0.06360195461319207
numeric__upstream_area,0.05015496854369431
numeric__mean_annual_rainfall,0.04720743490854108
numeric__TWI,0.04211070692913007
numeric__mean_monsoon_rainfall,0.04008920757734535
numeric__max_daily_rainfall,0.03937313098728391
numeric__aspect_cos,0.03631681650962163
numeric__high_rain_days,0.03583183937872553
numeric__aspect_sin,0.03282688276502937
numeric__distance_to_drainage,0.01849070356180192
numeric__drainage_density,0.013228097370606625
categorical__landcover_70.0,0.008062840516525834
categorical__landcover_10.0,0.00746460032971345
categorical__landcover_40.0,0.005609426149426816
categorical__landcover_30.0,0.004975013450020698
categorical__landcover_60.0,0.0012879680847369985
categorical__landcover_100.0,0.000358353770199686
categorical__landcover_50.0,0.0001259244947028637
categorical__landcover_80.0,9.263637831053063e-05
categorical__landcover_20.0,2.0596457837694542e-18
categorical__landcover_90.0,5.156679294272818e-19
